{"_wandb":{"runtime":1},"acc":0.8343286106483166,"loss":0.15945470390110236,"_timestamp":1.7406644365174265e+09,"_runtime":1.5529575,"_step":7}